1Y.GR01;-1
1Y.GR02;-1
1Y.GR03;-1
1Y.GR04;-1
1Y.GR05;-1
1Y.GR06;-1
1Y.GR07;-1
1Y.GR09;-1
1Y.GR10;-1
1Y.GR11;-1
1Y.GR12;-1
1Y.GR13;-1
1Y.GR14;-1
1Y.GR15;-1
1Y.GR16;-1
1Y.GR17;-1
1Y.GR18;-1
1Y.GR19;-1
1Y.GR19B;-1
1Y.GR20;-1
1Y.GR21;-1
1Y.GR22;-1
1Y.GR23;-1
1Y.GR24;-1
1Y.GR26;-1
1Y.GR27;-1
1Y.GR28;-1
1Y.GR29;-1
1Y.GR30;-1
1Y.GR31;-1
1Y.GR32;-1
1Y.GR33;-1
1Y.LFKM;-1
1Y.MK01A;-1
1Y.MK02A;-1
1Y.MK03A;-1
1Y.MK04A;-1
2Y.A300A;-1
2Y.A301A;-1
2Y.A302A;-1
2Y.A303A;-1
4P.IT01A;-1
4P.IT02A;-1
4P.IT03A;-1
4P.IT04A;-1
4P.IT06A;-1
4P.IT07A;-1
4P.IT08A;-1
4P.IT09A;-1
4P.IT20A;-1
4P.IT27A;-1
4P.IT28A;-1
7B.A001A;-1
7B.A002B;-1
7B.A003A;-1
7B.A004A;-1
7B.A005B;-1
7B.A008A;-1
7B.A011B;-1
7B.A013A;-1
7B.A014A;-1
7B.A016A;-1
7B.A017A;-1
7B.A018A;-1
7B.A019A;-1
7B.A020B;-1
7B.A021A;-1
7B.A024B;-1
7B.A331A;-1
7B.A332A;-1
7B.A333A;-1
7B.A334A;-1
7B.A335A;-1
7B.A336A;-1
7B.A337A;-1
7B.A338A;-1
7B.A339A;-1
9H.HR01A;-1
9H.HR02A;-1
9H.HR03A;-1
9H.HR04A;-1
9H.HR05A;-1
9H.HR06A;-1
9H.HR07A;-1
9H.HR08A;-1
9H.HR09A;-1
9H.HR10A;-1
9H.HR11A;-1
9H.HR12A;-1
AC.BCI;2
AC.BERA;5
AC.KBN;-1
AC.LACI;5
AC.LSK;2
AC.PHP;-1
AC.PUK;2
AC.SRN;2
AC.VLO;-1
BS.BLKB;2
BS.BLSH;-1
BS.DIM;4
BS.DOBAM;-1
BS.ELND;2
BS.JMB;4
BS.KALB;2
BS.KDZ;-1
BS.KKB;-1
BS.KOZAM;-1
BS.KUBB;2
BS.LOZB;2
BS.MMB;-1
BS.MNNAM;-1
BS.MPE;2
BS.PGB;-1
BS.PLD;-1
BS.PLNA;-1
BS.PLVAM;-1
BS.PLVB;2
BS.PRD;-1
BS.PSN;2
BS.PVL;-1
BS.RAZAM;-1
BS.RAZG;2
BS.RUSAM;-1
BS.RZN;-1
BS.SHAB;2
BS.SILAM;-1
BS.SZH;-1
BS.TRAN;-1
BS.VETAM;-1
BS.VTS1;-1
BS.YUND;5
BW.ALFT;-1
BW.BE1;4
BW.BGDS;-1
BW.BHG;-1
BW.BIB;-1
BW.DRMY1;-1
BW.DRMY2;-1
BW.DRMY3;-1
BW.DRMY4;-1
BW.DRMY5;-1
BW.DRMY6;-1
BW.DRMY7;-1
BW.DROMY;-1
BW.FFB1;-1
BW.FFB2;5
BW.FFB3;-1
BW.GELB;-1
BW.GRMB;2
BW.KW1;4
BW.MGS01;-1
BW.MGS02;-1
BW.MGS03;-1
BW.MGS04;-1
BW.MGS05;-1
BW.MGSBH;-1
BW.MNH;-1
BW.OBER;2
BW.PART;2
BW.RJOB;4
BW.RMOA;2
BW.RNHA;2
BW.RNON;2
BW.RTBE;2
BW.RTSA;3
BW.RTSH;2
BW.RWMO;-1
BW.SCE;4
BW.SYBAD;-1
BW.TON;-1
BW.UH3;4
BW.WRNG;-1
BW.ZUGS;2
C4.CERN1;3
C4.CERN5;3
C4.CERNS;3
CH.ACB;4
CH.AIGLE;2
CH.BALST;-1
CH.BAULM;-1
CH.BERGE;-1
CH.BERNI;2
CH.BIBA;-1
CH.BLOTZ;-1
CH.BNALP;-1
CH.BOBI;-1
CH.BOURR;-1
CH.BRANT;-1
CH.CHAMB;-1
CH.CHASS;-1
CH.COLLE;-1
CH.DAGMA;-1
CH.DAVOX;-1
CH.DIX;2
CH.EMBD;-1
CH.EMING;-1
CH.EMMET;-1
CH.EWZT0;-1
CH.FIESA;-1
CH.FLACH;2
CH.FULLY;-1
CH.FUORN;2
CH.FUSIO;-1
CH.GIMEL;2
CH.GOURZ;-1
CH.GRIMS;-1
CH.GRYON;2
CH.HAMIK;-1
CH.HASLI;-1
CH.HAUIG;-1
CH.ILLEZ;-1
CH.JAUN;-1
CH.LADOL;-1
CH.LASAR;-1
CH.LAUCH;-1
CH.LAVEY;-1
CH.LIENZ;-1
CH.LKBD2;-1
CH.LLS;5
CH.MESRY;2
CH.METMA;-1
CH.MFERR;2
CH.MMK;2
CH.MOUTI;-1
CH.MTI01;-1
CH.MTI02;-1
CH.MTIA1;-1
CH.MTIA4;-1
CH.MUGIO;-1
CH.MUO;2
CH.MUTEZ;-1
CH.NALPS;2
CH.OTTER;-1
CH.PANIX;-1
CH.PERON;-1
CH.PLONS;2
CH.ROMAN;-1
CH.ROTHE;-1
CH.SAARA;-1
CH.SAIG;-1
CH.SAIRA;-1
CH.SALAN;2
CH.SALEV;-1
CH.SALTS;-1
CH.SAPK;-1
CH.SARC;-1
CH.SARD;-1
CH.SARE;-1
CH.SARK;-1
CH.SAUR;-1
CH.SAVIG;-1
CH.SAYF2;-1
CH.SBAF;-1
CH.SBAJ2;-1
CH.SBAK;-1
CH.SBAM2;-1
CH.SBAP;-1
CH.SBAS;-1
CH.SBAV;-1
CH.SBAW;-1
CH.SBERN;-1
CH.SBGN;-1
CH.SBIK;-1
CH.SBIS2;-1
CH.SBRS;-1
CH.SBUA2;-1
CH.SBUB;-1
CH.SBUH;-1
CH.SBUL;-1
CH.SBUS;-1
CH.SCAS2;-1
CH.SCEL;-1
CH.SCHAT;-1
CH.SCHK;-1
CH.SCHS;-1
CH.SCOD;-1
CH.SCOU;-1
CH.SCRM;-1
CH.SCUC;-1
CH.SCUG;-1
CH.SDAK;-1
CH.SDES;-1
CH.SEFS;-1
CH.SEMOS;-1
CH.SENGL;-1
CH.SENIN;-1
CH.SEPFL;-1
CH.SFEL;-1
CH.SFRA;-1
CH.SFRS;-1
CH.SFRU;-1
CH.SGAK;-1
CH.SGEV;-1
CH.SGLK;-1
CH.SGRA;-1
CH.SGT00;2
CH.SGWS;-1
CH.SHEK;-1
CH.SHER;-1
CH.SIEB;-1
CH.SIMPL;2
CH.SINS;-1
CH.SIOO;-1
CH.SIOV;-1
CH.SIZS;-1
CH.SKAF;-1
CH.SKEK;-1
CH.SKLW;-1
CH.SKRK;-1
CH.SLCF;-1
CH.SLE;2
CH.SLENK;-1
CH.SLIES;-1
CH.SLOP;-1
CH.SLTM2;-1
CH.SLUB;-1
CH.SLUK;-1
CH.SLUW;-1
CH.SMAO;-1
CH.SMEIS;-1
CH.SMELS;-1
CH.SMFL;-1
CH.SMOE;-1
CH.SMZW;-1
CH.SNES2;-1
CH.SNIB;-1
CH.SNTZ;-1
CH.SOLB;-1
CH.SOLZ;-1
CH.SONUG;-1
CH.SRENH;-1
CH.SRER;-1
CH.SRFW;-1
CH.SRHB;-1
CH.SRHE;-1
CH.SRHH;-1
CH.SSCN;-1
CH.SSTS;-1
CH.STAF;-1
CH.STEIN;2
CH.STGK;-1
CH.STHK;-1
CH.STIEG;-1
CH.STRW;-1
CH.STSP;-1
CH.STSW2;-1
CH.SULZ;-1
CH.SUSI;-1
CH.SVAM;-1
CH.SVBE;-1
CH.SVEJ;-1
CH.SVIL;-1
CH.SVIO;-1
CH.SVIT;-1
CH.SWAS;-1
CH.SWERG;-1
CH.SWIK;-1
CH.SWIM;-1
CH.SWIS;-1
CH.SWYZ;-1
CH.SYVP;-1
CH.SZEK;-1
CH.SZER;-1
CH.SZIM;-1
CH.SZUZ;-1
CH.SZWD2;-1
CH.TORNY;-1
CH.TRULL;2
CH.VANNI;-1
CH.VDL;2
CH.VDR;-1
CH.VINZL;-1
CH.VMV;-1
CH.WALHA;-1
CH.WEIN;-1
CH.WEIN2;-1
CH.WGT;-1
CH.WILA;-1
CH.WIMIS;-1
CH.WOLEN;-1
CH.ZUR;-1
CL.AGEO;-1
CL.AGRP;4
CL.AIOA;-1
CL.DIMT;-1
CL.MALA;4
CL.MG04;-1
CL.MG06;-1
CL.PANR;2
CL.PSAM;4
CL.PSAR;-1
CL.PYRG;-1
CL.ROD3;4
CL.TEME;-1
CL.TRIZ;4
CL.ZIRI;4
CR.BRJN;2
CR.DBRK;-1
CR.HVAR;2
CR.MORI;-1
CR.MOSL;2
CR.OZLJ;-1
CR.RIY;-1
CR.STON;-1
CR.ZAG;-1
CZ.CKRC;-1
CZ.DPC;2
CZ.GOPC;-1
CZ.JAVC;-1
CZ.KHC;4
CZ.KRLC;2
CZ.KRUC;-1
CZ.MAUC;5
CZ.MORC;-1
CZ.OKC;2
CZ.PRA;-1
CZ.PRU;4
CZ.STAC;2
CZ.TREC;-1
CZ.VRAC;-1
CZ.ZVC;-1
FR.ABJF;-1
FR.ADHE;-1
FR.AGO;-1
FR.AJAC;2
FR.ARBF;-1
FR.ARTF;-1
FR.ASEAF;-1
FR.BALS;-1
FR.BANN;-1
FR.BLAF;2
FR.BOUC;-1
FR.BRGF;-1
FR.BSTF;2
FR.CALF;-1
FR.CFF;-1
FR.CHA2;-1
FR.CHAMO;2
FR.CHLF;-1
FR.CHMF;-1
FR.CLAF;-1
FR.CMPS;-1
FR.COLF;-1
FR.COURM;-1
FR.CREF;-1
FR.EILF;2
FR.ENAUX;2
FR.ESCA;2
FR.FAHY;-1
FR.FOURG;-1
FR.FRNF;-1
FR.GARF;-1
FR.GRN;-1
FR.GZNF;-1
FR.HOUCH;-1
FR.HRSF;-1
FR.ILLF;-1
FR.ISO;-1
FR.JAUF;-1
FR.LAJAS;-1
FR.LBL;-1
FR.LEPF;2
FR.LEUC;-1
FR.MCECU;-1
FR.MFC;-1
FR.MIGAL;-1
FR.MLYF;2
FR.MON;-1
FR.MONQ;-1
FR.MORSI;-1
FR.MUG01;-1
FR.MVIF;-1
FR.NIMR;2
FR.NOCA;-1
FR.OG02;-1
FR.OG35;-1
FR.OGAG;2
FR.OGCB;-1
FR.OGCC;-1
FR.OGCE;-1
FR.OGCN;-1
FR.OGCY;-1
FR.OGDF;-1
FR.OGDI;2
FR.OGGL;-1
FR.OGJA;-1
FR.OGLC;-1
FR.OGMO;-1
FR.OGMY;-1
FR.OGRV;-1
FR.OGS1;-1
FR.OGS2;-1
FR.OGS3;2
FR.OGSA;-1
FR.OGSI;-1
FR.OGSM;-1
FR.OGVA;-1
FR.OGVG;-1
FR.PIAF;-1
FR.PLDF;-1
FR.PLYF;-1
FR.PRABE;-1
FR.PRIMA;-1
FR.REST;-1
FR.REVF;-1
FR.RIVEL;-1
FR.RONF;-1
FR.RSL;-1
FR.RUSF;-1
FR.SALSA;2
FR.SAOF;-1
FR.SAUF;-1
FR.SGSF;-1
FR.SLVF;-1
FR.SMPL;-1
FR.SPIF;-1
FR.STROF;-1
FR.SURF;-1
FR.TAMIE;-1
FR.TRBF;-1
FR.TRIGF;-1
FR.TURF;-1
FR.VAL4;2
FR.VERF;-1
FR.WALT;-1
G.SSB;2
GE.KERA;4
GE.MARCO;-1
GE.MATE;4
GE.TIRR;4
GR.FUR;-1
GR.GEA0;-1
GR.GEA1;-1
GR.GEA2;-1
GR.GEA3;-1
GR.GEB1;-1
GR.GEB2;5
GR.GEB3;-1
GR.GEB4;-1
GR.GEB5;-1
GR.GEC1;-1
GR.GEC2;2
GR.GEC2X;-1
GR.GEC3;-1
GR.GEC4;-1
GR.GEC5;-1
GR.GEC6;-1
GR.GEC7;2
GR.GED1;2
GR.GED2;-1
GR.GED3;-1
GR.GED4;-1
GR.GED5;2
GR.GED6;-1
GR.GED7;2
GR.GED8;-1
GR.GED9;-1
GR.I26H1;-1
GR.I26H2;-1
GR.I26H3;-1
GR.I26H4;-1
GR.I26H5;-1
GR.I26H6;-1
GR.I26H7;-1
GR.I26H8;-1
GR.UBR;-1
GU.BHB;-1
GU.BLANC;-1
GU.BURY;-1
GU.CANO;-1
GU.CARD;-1
GU.CIRO;2
GU.ENR;2
GU.EQUI;4
GU.FIVI;-1
GU.GBOS;-1
GU.GENL;-1
GU.GORR;2
GU.GRAM;2
GU.GSCL;-1
GU.IMI;2
GU.LSD;2
GU.MAIM;3
GU.MGRO;-1
GU.NEGI;2
GU.PCP;2
GU.POPM;2
GU.PZZ;2
GU.REMY;2
GU.RNCA;2
GU.RORO;2
GU.ROTM;2
GU.RRL;2
GU.RSP;2
GU.SARM;2
GU.SATI;2
GU.STV;2
GU.TRAV;2
HA.ACOR;4
HA.AIGS;-1
HA.AMPE;4
HA.ANTK;-1
HA.ATAL;2
HA.ATHR;4
HA.ATHU;2
HA.AXAR;-1
HA.DOMV;-1
HA.EPID;-1
HA.ERTR;-1
HA.HAVD;4
HA.KALE;2
HA.KARY;2
HA.KIAS;-1
HA.LAKA;2
HA.LOUT;-1
HA.LTRS;-1
HA.MDRA;2
HA.MRKA;4
HA.MRTH;4
HA.PRDM;-1
HA.PSAH;-1
HA.SERI;-1
HA.SNT1;4
HA.SNT5;4
HA.STFN;4
HA.THAL;-1
HA.THIV;4
HA.VILL;-1
HA.XLKS;-1
HC.ABEA;-1
HC.ATEI;-1
HC.CHAN;-1
HC.DEYA;-1
HC.G0LD;-1
HC.GVDS;-1
HC.IMOD;-1
HC.IPPL;-1
HC.KNDR;2
HC.KNSS;-1
HC.KTHR;2
HC.KTRS;-1
HC.LENT;-1
HC.MULT;-1
HC.NERO;-1
HC.PASK;-1
HC.PERI;-1
HC.PFKS;-1
HC.POLY;-1
HC.RODP;4
HC.SOUD;-1
HC.STIA;-1
HC.TEFL;4
HC.THNO;-1
HL.AIGN;-1
HL.ALNA;-1
HL.AMGA;-1
HL.ANKY;-1
HL.APE;-1
HL.ARIA;-1
HL.ASTA;-1
HL.ATH;-1
HL.ATHP;-1
HL.CLEM;-1
HL.CRE1;-1
HL.CRE3;-1
HL.DION;5
HL.DLFA;-1
HL.EFSA;-1
HL.ELAT;-1
HL.ELIN;-1
HL.EVR;-1
HL.GINA;-1
HL.GVD;-1
HL.IACM;-1
HL.IDI;-1
HL.IKRA;-1
HL.IMMV;-1
HL.ITM;4
HL.JAN;-1
HL.KARP;-1
HL.KASA;-1
HL.KEK;4
HL.KLNA;-1
HL.KLV;-1
HL.KOSD;-1
HL.KSTE;-1
HL.KTHA;-1
HL.KURT;-1
HL.KVLA;-1
HL.KYMI;-1
HL.KYPS;-1
HL.KZN;-1
HL.LALA;-1
HL.LIA;-1
HL.LKR;2
HL.LXRA;-1
HL.MET1;-1
HL.MET2;-1
HL.MET3;-1
HL.MET4;-1
HL.MET5;-1
HL.MET6;-1
HL.MGNA;-1
HL.MHLO;-1
HL.MNVA;-1
HL.MRTH;-1
HL.NEO;-1
HL.NISR;2
HL.NISR2;-1
HL.NOAC;-1
HL.NPS;-1
HL.NVR;2
HL.ORTH;-1
HL.OTHN;-1
HL.PATC;-1
HL.PATG;-1
HL.PENT;-1
HL.PLG;2
HL.PRAS;-1
HL.PSRA;-1
HL.PTL;5
HL.RDO;4
HL.RIOA;-1
HL.RLS;2
HL.SAP3;-1
HL.SAP4;-1
HL.SIVA;2
HL.SKY;-1
HL.SMTH;-1
HL.SOFA;-1
HL.TETR;-1
HL.THERA;-1
HL.THI1;-1
HL.THI2;-1
HL.THL;-1
HL.THRA;-1
HL.THVA;-1
HL.TNSA;-1
HL.TRKA;-1
HL.VAM;2
HL.VELA;-1
HL.VLI;-1
HL.VLS;2
HL.VLY;2
HL.YDRA;-1
HL.ZKR;4
HP.AMPL;-1
HP.AMT;2
HP.ANX;-1
HP.AXS;4
HP.DRO;-1
HP.DSF;2
HP.EFP;2
HP.FSK;2
HP.GUR;-1
HP.KSTR;-1
HP.LTHK;2
HP.LTK;-1
HP.PDO;2
HP.PLEV;-1
HP.PRMD;-1
HP.PVO;-1
HP.PYL;-1
HP.SERG;-1
HP.UPR;4
HP.VALY;-1
HP.VLX;-1
HP.VVK;2
HT.AGG;2
HT.ALN;2
HT.AOS2;-1
HT.CHOS;-1
HT.CMBO;5
HT.DMLN;4
HT.DRAG;4
HT.EVGI;4
HT.FLNA;2
HT.FNA;2
HT.FNA1;-1
HT.FNA2;-1
HT.FNA3;-1
HT.FNA4;-1
HT.FNA5;-1
HT.GRG;-1
HT.HORT;-1
HT.IGT;-1
HT.KAVA;2
HT.KNT;5
HT.KOKK;-1
HT.KPRO;-1
HT.KRND;-1
HT.LFKM;-1
HT.LIT;-1
HT.LKD2;-1
HT.NESN;4
HT.NEST;-1
HT.NIS1;-1
HT.NYDR;4
HT.OUR;-1
HT.PAIG;-1
HT.PSDA;-1
HT.RTZL;-1
HT.SIGR;-1
HT.SOH;2
HT.SRS;-1
HT.STRF;-1
HT.THAS;-1
HT.THE;2
HT.THT1;4
HT.TSLK;4
HT.TYRN;-1
HT.XOR;2
HU.ABAH;-1
HU.AMBH;-1
HU.BEHE;4
HU.BSZH;-1
HU.BUD;-1
HU.CSKK;4
HU.EGYH;-1
HU.KOVH;-1
HU.LTVH;-1
HU.MORH;-1
HU.MPLH;-1
HU.PSZ;4
HU.SOP;-1
HU.TIH;2
HU.TRPA;-1
IV.ACATE;-1
IV.ACER;2
IV.AGLI;2
IV.AGST;4
IV.AIO;-1
IV.ALJA;3
IV.AMUR;2
IV.AOI;4
IV.APEC;-1
IV.APPI;4
IV.APRC;2
IV.ARCI;2
IV.ARRO;-1
IV.ARVD;4
IV.ASOL;-1
IV.ASQU;-1
IV.ASSB;2
IV.ATBU;-1
IV.ATCC;-1
IV.ATFO;2
IV.ATLO;-1
IV.ATMC;-1
IV.ATMI;2
IV.ATPC;2
IV.ATPI;-1
IV.ATSC;-1
IV.ATVA;-1
IV.ATVO;2
IV.BADI;4
IV.BAG8;-1
IV.BARO;-1
IV.BDI;2
IV.BIOG;-1
IV.BLLA;-1
IV.BOB;2
IV.BORM;-1
IV.BOZZ;2
IV.BRES;4
IV.BRIS;2
IV.BRMO;4
IV.BRSN;-1
IV.BSSO;2
IV.BULG;2
IV.CAAM;2
IV.CADA;-1
IV.CADC;-1
IV.CAFE;2
IV.CAFI;3
IV.CAGG;-1
IV.CAMP;4
IV.CAPA;-1
IV.CAPR;-1
IV.CAR1;2
IV.CASP;2
IV.CAVE;-1
IV.CAVT;2
IV.CBAC;2
IV.CDCA;4
IV.CDRU;2
IV.CELB;2
IV.CELI;-1
IV.CERA;2
IV.CERT;2
IV.CESI;2
IV.CESX;-1
IV.CET2;2
IV.CFMN;2
IV.CGL;4
IV.CIGN;4
IV.CIMA;-1
IV.CING;2
IV.CLTA;-1
IV.CMDO;3
IV.CMIS;2
IV.CMPO;2
IV.CMPR;2
IV.CMSN;-1
IV.CNCS;-1
IV.CNIS;-1
IV.COLB;2
IV.COR1;-1
IV.CORL;3
IV.CPGN;-1
IV.CPIS;2
IV.CPOZ;2
IV.CPTP;2
IV.CRAC;4
IV.CRE;4
IV.CRJA;2
IV.CRMI;2
IV.CRND;-1
IV.CROCE;-1
IV.CRTC;-1
IV.CRTO;2
IV.CSFT;2
IV.CSLB;4
IV.CSNT;4
IV.CSOB;5
IV.CSP1;-1
IV.CSTH;2
IV.CTI;4
IV.CTL8;2
IV.DGI;4
IV.ECBD;-1
IV.ECHR;-1
IV.ECNE;-1
IV.ECPN;-1
IV.ECTS;2
IV.ECZM;-1
IV.EFIU;2
IV.EL6;-1
IV.EMAS;2
IV.EMCN;-1
IV.EMFO;-1
IV.EMFS;-1
IV.EMNR;-1
IV.EMPL;2
IV.EMSA;-1
IV.EMSG;-1
IV.ENIC;2
IV.EPDN;-1
IV.EPIT;-1
IV.EPMN;-1
IV.EPOZ;2
IV.EPZF;-1
IV.ERBM;4
IV.ERC;-1
IV.ESAL;2
IV.ESCV;-1
IV.ESLN;2
IV.ESML;2
IV.ESPC;-1
IV.ESVO;-1
IV.EUCT;-1
IV.EVRN;-1
IV.FAEN;2
IV.FAGN;4
IV.FANO;-1
IV.FAVA;-1
IV.FCOR;-1
IV.FDMO;-1
IV.FEMA;-1
IV.FERC;4
IV.FERS;-1
IV.FIAM;2
IV.FIR;2
IV.FIU;4
IV.FIU1;-1
IV.FNVD;2
IV.FOSV;-1
IV.FREG;-1
IV.FRON;-1
IV.FROS;-1
IV.FVI;4
IV.GAG1;-1
IV.GALF;3
IV.GATE;2
IV.GAVE;-1
IV.GIB;4
IV.GIGS;-1
IV.GIUL;5
IV.GIZZ;-1
IV.GRI;4
IV.GRIS;-1
IV.GUAR;5
IV.GUMA;-1
IV.HAGA;2
IV.HAVL;2
IV.HCRL;2
IV.HLNI;2
IV.HMDC;2
IV.HSRS;2
IV.HVIT;2
IV.HVZN;2
IV.IACL;2
IV.IBCM;-1
IV.ICVJ;-1
IV.IFIL;2
IV.IFOR;-1
IV.ILOS;2
IV.IMOL;-1
IV.IMTC;-1
IV.INTR;2
IV.IOCA;2
IV.IPSM;2
IV.ISPIC;2
IV.IST3;2
IV.ISTR;2
IV.IVGP;-1
IV.IVLC;2
IV.IVLT;-1
IV.IVPL;2
IV.IVUG;2
IV.JOPP;2
IV.LADO;2
IV.LATB;-1
IV.LATE;2
IV.LAV9;2
IV.LEVAN;-1
IV.LIBRI;-1
IV.LIK;-1
IV.LINA;2
IV.LMD;-1
IV.LNSS;4
IV.LPDG;-1
IV.LPEL;2
IV.LRP;2
IV.LTRZ;4
IV.MA9;-1
IV.MABI;2
IV.MAGA;2
IV.MAGO;-1
IV.MARIO;-1
IV.MARS;2
IV.MBAL;2
IV.MBFT;-1
IV.MC2;-1
IV.MCEL;2
IV.MCI;-1
IV.MCIF;-1
IV.MCIV;-1
IV.MCPD;-1
IV.MCRV;2
IV.MCT;4
IV.MDAR;-1
IV.MDI;2
IV.MELA;2
IV.MERA;-1
IV.MESG;2
IV.MF5;-1
IV.MFNL;2
IV.MGAB;2
IV.MGR;4
IV.MIDA;2
IV.MIGL;2
IV.MILN;-1
IV.MILZ;2
IV.MMGO;2
IV.MML1;-1
IV.MMN;2
IV.MMO1;-1
IV.MMUR;-1
IV.MNTP;-1
IV.MNTT;-1
IV.MNTV;-1
IV.MOCL;-1
IV.MOCO;2
IV.MODE;4
IV.MODR;2
IV.MOMA;2
IV.MONC;2
IV.MPAG;-1
IV.MPAZ;2
IV.MPG;4
IV.MPNC;2
IV.MPPT;-1
IV.MRB1;2
IV.MRCB;2
IV.MRGE;2
IV.MRLC;3
IV.MRVN;2
IV.MSAG;2
IV.MSFR;2
IV.MSRU;2
IV.MSSA;2
IV.MTCE;4
IV.MTGR;2
IV.MTL1;-1
IV.MTMR;-1
IV.MTRA;-1
IV.MTRZ;2
IV.MTSN;2
IV.MTTG;2
IV.MUCR;2
IV.MURB;2
IV.NARO;-1
IV.NDIM;-1
IV.NEVI;-1
IV.NOCI;2
IV.NOV;2
IV.NRCA;2
IV.OFFI;2
IV.OPPE;2
IV.ORI;4
IV.ORZI;-1
IV.OSSC;-1
IV.OVO;-1
IV.PALZ;2
IV.PANTE;-1
IV.PAOL;-1
IV.PARC;2
IV.PCN;-1
IV.PCRO;-1
IV.PE3;-1
IV.PESA;4
IV.PETRA;3
IV.PF6;-1
IV.PGEL;-1
IV.PGHD;-1
IV.PIEI;4
IV.PIGN;-1
IV.PII;2
IV.PIO1;-1
IV.PIPA;2
IV.PLAC;2
IV.PLLN;-1
IV.PLMA;-1
IV.POFI;2
IV.PP3;-1
IV.PRMA;2
IV.PSB1;2
IV.PTCC;2
IV.PTMR;2
IV.PTQR;2
IV.PTRJ;2
IV.PTRP;4
IV.PZIN;-1
IV.PZUN;-1
IV.QLNO;4
IV.RAFF;3
IV.RAVA;-1
IV.RCAV;2
IV.RDP;5
IV.RESU;3
IV.RIBO;-1
IV.RM33;-1
IV.RMP;-1
IV.RNI2;2
IV.ROM9;2
IV.ROSPO;-1
IV.ROVR;-1
IV.RSM2;-1
IV.RUFI;-1
IV.SACR;2
IV.SACS;2
IV.SAIV;-1
IV.SALB;2
IV.SALO;2
IV.SAMA;5
IV.SANR;-1
IV.SAP2;-1
IV.SARZ;-1
IV.SBPO;2
IV.SCHR;4
IV.SCIAC;2
IV.SCIAR;-1
IV.SCTE;2
IV.SEF1;-1
IV.SEI;2
IV.SELL;-1
IV.SENI;-1
IV.SERM;-1
IV.SERS;2
IV.SFI;4
IV.SGAL;-1
IV.SGG;4
IV.SGO;2
IV.SGRT;2
IV.SGTA;2
IV.SICLA;-1
IV.SIRI;2
IV.SLCN;2
IV.SMA1;-1
IV.SNAL;2
IV.SNTG;2
IV.SOI;3
IV.SOLUN;4
IV.SORR;-1
IV.SPS2;-1
IV.SRES;2
IV.SSFR;2
IV.SSM1;-1
IV.SSP9;-1
IV.SSY;2
IV.STAL;-1
IV.STRG;2
IV.TB01;-1
IV.TB02;-1
IV.TB03;-1
IV.TDS;2
IV.TEOL;-1
IV.TERO;2
IV.TOLF;4
IV.TRE1;-1
IV.TREG;-1
IV.TREM;-1
IV.TRIF;-1
IV.TRIV;2
IV.TRTR;2
IV.USI;2
IV.VAGA;2
IV.VARE;2
IV.VBKE;-1
IV.VBKN;2
IV.VCEL;4
IV.VCRE;2
IV.VENL;-1
IV.VENT;4
IV.VISG;2
IV.VITU;2
IV.VIVA;-1
IV.VMAN;-1
IV.VMGN;2
IV.VOBA;-1
IV.VTIR;2
IV.VULT;2
IV.VVDG;2
IV.VVLD;4
IV.ZCCA;2
IV.ZEN8;-1
IV.ZOVE;-1
IX.AND3;-1
IX.BEL3;-1
IX.BSC3;-1
IX.CGG3;-1
IX.CLT3;-1
IX.CMP3;-1
IX.COL3;-1
IX.CSG3;-1
IX.LGS3;-1
IX.LIO3;-1
IX.MNT3;-1
IX.MRN3;-1
IX.NSC3;-1
IX.PGN3;-1
IX.PST3;-1
IX.RDM3;-1
IX.RSF3;-1
IX.SALI;-1
IX.SCL3;-1
IX.SFL3;-1
IX.SNR3;-1
IX.SRN3;-1
IX.SSB3;-1
IX.TEGI;-1
IX.VDP3;-1
IX.VDS3;-1
IX.VGG3;-1
KO.CRLT;-1
KO.CRLU;-1
KO.DOGC;-1
KO.EDRB;2
KO.ENEZ;-1
KO.ENZZ;-1
KO.ERIK;2
KO.GADA;-1
KO.GAZK;-1
KO.GELI;-1
KO.GOKC;-1
KO.PHSR;2
KO.RKY;-1
KO.TEKI;-1
KO.TKR;2
KO.UKOP;-1
M1.ANAC;-1
M1.LIPC;-1
M1.LOSC;-1
M1.LUKC;-1
M1.MUVC;-1
M1.PIVO;-1
M1.RYBC;-1
M1.SUPC;-1
MD.KIS;-1
MD.PURM;-1
MD.SORM;-1
ME.CEME;2
ME.KOME;-1
ML.MSDA;-1
ML.XLND;-1
MN.AQU;3
MN.BLY;3
MN.BNI;3
MN.CEL;3
MN.CLTB;2
MN.CUC;3
MN.PDG;3
MN.SENA;3
MN.TIP;3
MN.TIR;2
MN.TRI;5
MN.TUE;3
MN.VAE;2
MN.VLC;3
MN.VSL;3
MN.WDD;3
MT.AVM;2
MT.AVP;2
MT.AVR;2
MT.CLP2;4
MT.CLP4;4
MT.GAL;3
MT.GUI;-1
MT.HAR1;2
MT.HAR2;2
MT.HAR3;2
MT.RES;2
MT.RUI;4
MT.SZB;2
MT.SZC;2
MT.THE;2
NI.DST2;-1
NI.PALA;-1
NI.POLC;2
NI.PURA;-1
NI.VINO;2
OE.ABTA;-1
OE.ARSA;-1
OE.BIOA;-1
OE.CONA;-1
OE.CSNA;-1
OE.DAVA;-1
OE.FETA;-1
OE.KBA;-1
OE.KMR;-1
OE.LESA;-1
OE.MOA;-1
OE.MOTA;2
OE.MYKA;-1
OE.OBKA;-1
OE.RETA;-1
OE.RONA;-1
OE.SESA;2
OE.SOKA;-1
OE.SQTA;2
OE.UNNA;-1
OE.VIE;-1
OE.WATA;2
OE.WINA;-1
OE.WTTA;2
OT.CGL1;-1
OT.MASS;-1
OT.OT03;-1
OT.OT04;-1
OT.OT05;2
OT.OT06;-1
OT.OT07;-1
OT.OT11;-1
OT.OT12;2
OT.OT13;-1
OT.OT14;2
OT.OT15;-1
OT.OT16;2
OT.TAR1;-1
OX.ACOM;2
OX.AGOR;-1
OX.BAD;5
OX.BALD;5
OX.BOO;-1
OX.CAE;-1
OX.CIMO;-1
OX.CLUD;-1
OX.DRE;5
OX.FUSE;5
OX.MARN;5
OX.MLN;5
OX.MPRI;2
OX.PLRO;5
OX.PRED;5
OX.SABO;-1
OX.VARN;-1
PL.KWP;-1
PL.NIE;2
PL.OJC;2
RD.FLAF;-1
RD.LFF;-1
RD.LOR;-1
RD.MTLF;-1
RD.ORIF;-1
RD.PGF;-1
RD.RJF;-1
RF.GEPF;2
RO.AMRR;2
RO.ARCR;2
RO.ARR;2
RO.BAC;-1
RO.BAIL;2
RO.BANR;2
RO.BAPR;-1
RO.BIR;2
RO.BISRR;-1
RO.BIZ;2
RO.BMR;-1
RO.BORR;-1
RO.BOSR;2
RO.BSTR;-1
RO.BTMR;-1
RO.BUC;-1
RO.BUC1;2
RO.BURAR;4
RO.BZS;2
RO.CBBR;4
RO.CEIR;-1
RO.CFR;2
RO.CHLR;2
RO.CICN;2
RO.CIOR;4
RO.CJR;-1
RO.CLISU;-1
RO.COPA;2
RO.COPR;-1
RO.CRAR;2
RO.CRBR;-1
RO.CTISU;-1
RO.CVD1;-1
RO.CVDA;-1
RO.DEV;-1
RO.DJISU;-1
RO.DOPR;2
RO.DRBR;-1
RO.DRGR;2
RO.EFOR;2
RO.GHRR;-1
RO.GIRR;2
RO.GISR;-1
RO.GIUM;2
RO.GRER;2
RO.GRISU;-1
RO.GZR;2
RO.HARR;2
RO.HERR;2
RO.HUMR;2
RO.IASR;2
RO.ICOR;-1
RO.INCR;-1
RO.ISR;2
RO.IZVR;2
RO.JIMR;-1
RO.JOSR;2
RO.JURR;-1
RO.LEHL;2
RO.LEOM;2
RO.LOT;2
RO.MANR;2
RO.MARR;-1
RO.MDB;2
RO.MDVR;2
RO.MESR;-1
RO.MFTR;2
RO.MHISU;-1
RO.MILM;-1
RO.MLR;2
RO.MTUR;-1
RO.NARR;2
RO.NEGRR;-1
RO.NEHR;2
RO.NGRR;2
RO.ODBI;2
RO.ODSR;-1
RO.ONER;-1
RO.OTISU;-1
RO.PANC;2
RO.PGOR;2
RO.PLAR;-1
RO.PLOR;2
RO.PLOR4;2
RO.PRAR;2
RO.PUNG;2
RO.RMGR;2
RO.RMVG;-1
RO.SAHR;2
RO.SCHL;2
RO.SCHLR;-1
RO.SCTR;2
RO.SGRR;-1
RO.SIBR;4
RO.SIRR;-1
RO.SNMR;-1
RO.SRE;2
RO.STFAR;2
RO.SULR;2
RO.SURR;-1
RO.TATR;2
RO.TESR;2
RO.TGMR;-1
RO.TIM;2
RO.TLBR;-1
RO.TLCR;2
RO.TNR;2
RO.TPGR;2
RO.TRISU;-1
RO.TSCT;-1
RO.TSMN;-1
RO.TSSL;2
RO.TUDR;2
RO.VARL;2
RO.VASR;2
RO.VLAD;2
RO.VLDR;2
RO.VOIR;2
RO.VRI;2
RO.ZIMR;2
SI.ABSI;-1
SI.BOSI;-1
SI.KOSI;-1
SI.LUSI;-1
SI.MOSI;-1
SI.ROSI;-1
SJ.BBLS;-1
SJ.BEO;2
SJ.DJES;-1
SJ.FRGS;-1
SJ.GRUS;-1
SJ.SJES;-1
SJ.SVIS;4
SK.IZAB;-1
SK.KECS;-1
SK.KOLS;2
SK.LANS;2
SK.MODS;2
SK.SPC;-1
SK.SRO;-1
SK.SRO2;-1
SK.STHS;-1
SK.VYHS;2
SK.ZST;2
SL.BOJS;2
SL.CADS;2
SL.CEY;2
SL.CRES;2
SL.CRNS;2
SL.DOBS;2
SL.GBAS;2
SL.GBRS;2
SL.GCIS;2
SL.GOLS;-1
SL.GORS;2
SL.GROS;2
SL.JAVS;2
SL.KNDS;2
SL.KOGS;2
SL.LEGS;-1
SL.LJU;2
SL.MOZS;2
SL.PDKS;-1
SL.PERS;2
SL.ROBS;2
SL.SKDS;-1
SL.VISS;2
SL.VNDS;2
SL.VOJS;2
SL.ZAVS;2
ST.CARE;-1
ST.DOSS;-1
ST.GAGG;-1
ST.OZOL;-1
ST.PANI;-1
ST.RONC;-1
ST.VARA;-1
ST.ZIAN;-1
TV.GMB1;-1
TV.SF11;-1
TV.SU26;-1
VR.VRG01;-1
VR.VRG02;-1
VR.VRG03;-1
XP.FR01A;-1
XP.FR02A;-1
XP.FR03A;-1
XP.FR04A;-1
XP.FR05A;-1
XP.FR06A;-1
XP.FR07A;-1
XP.FR08A;-1
XP.FR09A;-1
XP.FR10A;-1
XP.FR11A;-1
XP.FR12A;-1
XP.FR13A;-1
XP.FR14A;-1
XP.FR14B;-1
XP.FR15A;-1
XP.FR16A;-1
XP.FR17A;-1
XP.FR18A;-1
XP.FR19A;-1
XP.FR20A;-1
XP.FR21A;-1
XP.FR22A;-1
XP.FR23A;-1
XP.FR24A;-1
XP.FR25A;-1
XP.FR26A;-1
XP.FR27A;-1
XP.FR28A;-1
XP.FR29A;-1
XP.FR30A;-1
XP.FR31A;-1
XP.FR32A;-1
XP.FR33A;-1
XP.FR34A;-1
XP.FR35A;-1
Y5.BH01A;-1
Y5.BH02A;-1
Y5.BH03A;-1
Y5.BH04A;-1
Y5.BH05A;-1
Y5.BH06A;-1
Y5.BH07A;-1
Y5.BH08A;-1
Y5.BH09A;-1
Y5.BH10A;-1
Y5.BH11A;-1
Y5.BH12A;-1
Y5.BH13A;-1
Y5.BH14A;-1
Y5.BH15A;-1
Y5.BH16A;-1
Y5.BH17A;-1
Y5.BH18A;-1
Y5.BH19A;-1
Y5.BH20A;-1
Y8.AVR;-1
Y8.BG01A;-1
Y8.BG02A;-1
Y8.BG03A;-1
Y8.BG04A;-1
Y8.BG05A;-1
Y8.BG06A;-1
Y8.BG07A;-1
Y8.BG08A;-1
Y8.BG09A;-1
Y8.BG10A;-1
Y8.BG11A;-1
Y8.BG12A;-1
Y8.BG13A;-1
Y8.BG14A;-1
Y8.BG16A;-1
Y8.BG17A;-1
Y8.BG18A;-1
Y8.BG19A;-1
Y8.BG20A;-1
Y8.BG21A;-1
Y8.DIM;-1
Y8.JURR;-1
Y8.ORH;-1
Y8.PL01A;-1
Y8.PL02A;-1
Y8.PL03A;-1
Y8.PL04A;-1
Y8.PL05A;-1
Y8.PL06A;-1
Y8.PL07A;-1
Y8.PL08A;-1
Y8.PL09A;-1
Y8.PL10A;-1
Y8.PL11A;-1
Y8.PL12A;-1
Y8.PL13A;-1
Y8.PL14A;-1
Y8.PL15A;-1
Y8.PL16A;-1
Y8.PL17A;-1
Y8.PL18A;-1
Y8.PL19A;-1
Y8.PL21A;-1
Y8.PL22A;-1
Y8.PL23A;-1
Y8.PL24A;-1
Y8.PL25A;-1
Y8.PL26A;-1
Y8.PL27A;-1
Y8.PL30A;-1
Y8.PL31A;-1
Y8.PL32A;-1
Y8.PL33A;-1
Y8.PL34A;-1
Y8.RO01A;-1
Y8.RO02A;-1
Y8.RO03A;-1
Y8.RO04A;-1
Y8.RO05A;-1
Y8.RO06A;-1
Y8.RO07A;-1
Y8.RO09A;-1
Y8.RO10A;-1
Y8.RO11A;-1
Y8.RO12A;-1
Y8.RO13A;-1
Y8.RO14A;-1
Y8.RO15A;-1
Y8.RO16A;-1
Y8.RO17A;-1
Y8.RO18A;-1
Y8.RO19A;-1
Y8.RO20A;-1
Y8.RO22A;-1
Y8.RO23A;-1
Y8.RO24A;-1
Y8.RO25A;-1
Y8.RO26A;-1
Y8.RO27A;-1
Y8.RO28A;-1
Y8.RO29A;-1
Y8.RO30A;-1
Y8.RO31A;-1
Y8.RO32A;-1
Y8.RO33A;-1
Y8.RO34A;-1
Y8.RO35A;-1
Y8.RO36A;-1
Y8.RO37A;-1
Y8.RO38A;-1
Y8.RO39A;-1
Y8.RO43A;-1
Y8.RO44A;-1
Y8.RO45A;-1
Y8.RO46A;-1
Y8.SGRR;-1
Y8.VLD;-1
Z6.A015A;-1
Z6.A023A;-1
Z6.A025A;-1
Z6.A026A;-1
Z6.A027A;-1
Z6.A028B;-1
Z6.A029A;-1
Z6.A030A;-1
Z6.A031A;-1
Z6.A032A;-1
Z6.A033A;-1
Z6.A034A;-1
Z6.A035B;-1
Z6.A036A;-1
Z6.A076A;-1
Z6.A077A;-1
Z6.A078A;-1
Z6.A079A;-1
Z6.A080A;-1
Z6.A081A;-1
Z6.A082A;-1
Z6.A083A;-1
Z6.A084A;-1
Z6.A085A;-1
Z6.A086A;-1
Z6.A087A;-1
Z6.A088B;-1
Z6.A089A;-1
Z6.A090A;-1
Z6.A104C;-1
Z6.A141A;-1
Z6.A143A;-1
Z6.A145A;-1
Z6.A146A;-1
Z6.A148B;-1
Z6.A260A;-1
Z6.A261A;-1
Z6.A262A;-1
Z6.A262B;-1
Z6.A263A;-1
Z6.A264A;-1
Z6.A265A;-1
Z6.A266A;-1
Z6.A267A;-1
Z6.A271A;-1
Z6.A272A;-1
Z6.A273A;-1
Z6.A365A;-1
Z6.A367A;-1
Z6.AL01A;-1
Z6.AL02A;-1
Z6.AL03A;-1
Z6.AL04A;-1
Z6.AL05A;-1
Z6.AL06A;-1
Z6.AL07A;-1
Z6.AL08A;-1
Z6.BRY;-1
Z6.CP00A;-1
Z6.CP01A;-1
Z6.CP02A;-1
Z6.CP03A;-1
Z6.CP04A;-1
Z6.CP05A;-1
Z6.CP06A;-1
Z6.CP07A;-1
Z6.CP08A;-1
Z6.CP09A;-1
Z6.CP10A;-1
Z6.CP11A;-1
Z6.CP12A;-1
Z6.CP13A;-1
Z6.CP14A;-1
Z6.CP15A;-1
Z6.CP16A;-1
Z6.CP17A;-1
Z6.GMRK;-1
Z6.HU01A;-1
Z6.HU02A;-1
Z6.HU03A;-1
Z6.HU04B;-1
Z6.HU05A;-1
Z6.HU06A;-1
Z6.HU07A;-1
Z6.HU08A;-1
Z6.HU09A;-1
Z6.HU10A;-1
Z6.HU11A;-1
Z6.HU12A;-1
Z6.HU13A;-1
Z6.HU14A;-1
Z6.HU21A;-1
Z6.HU22A;-1
Z6.HU23A;-1
Z6.HU24A;-1
Z6.JOS;-1
Z6.KKS;-1
Z6.ME01A;-1
Z6.ME02A;-1
Z6.ME03A;-1
Z6.ME05A;-1
Z6.NKME;-1
Z6.PEJK;-1
Z6.PRZK;-1
Z6.PVY;-1
Z6.SK01A;-1
Z6.SK02A;2
Z6.SK03A;-1
Z6.SK04A;-1
Z6.SK05A;-1
Z6.SK07A;-1
Z6.SK08A;-1
Z6.SK11A;-1
Z6.SK12A;-1
Z6.SK13A;-1
Z6.SK14B;-1
Z6.SK15A;-1
Z6.SK16A;-1
Z6.SK17A;-1
Z6.SK18A;-1
Z6.SK19A;-1
Z6.SK20A;-1
Z6.SK21A;-1
Z6.SK22A;-1
